id,post_title,post_date,photo_url,description,category_id,owner_id,place_id
2039,Sampan Boat,2022-07-15 00:00:00+06,https://farm66.static.flickr.com/65535/50969838031_362544b516.jpg,Sampan,20,1001,1
2004,Sun on Lake,2022-07-16 00:00:00+06,https://images.pexels.com/photos/2613946/pexels-photo-2613946.jpeg?auto=compress&cs=tinysrgb&dpr=1&w=500,Lake,4,1007,1
2016,Sun on Lake,2022-07-16 00:00:00+06,https://images.pexels.com/photos/2613946/pexels-photo-2613946.jpeg?auto=compress&cs=tinysrgb&dpr=1&w=512,Lake,12,1008,2
2018,Sun on Lake,2022-07-16 00:00:00+06,https://images.pexels.com/photos/2613946/pexels-photo-2613946.jpeg?auto=compress&cs=tinysrgb&dpr=1&w=514,Shot on Oneplus,4,1008,2
2019,Sun on Lake,2022-07-15 00:00:00+06,https://images.pexels.com/photos/2613946/pexels-photo-2613946.jpeg?auto=compress&cs=tinysrgb&dpr=1&w=515,Shot on Oneplus,14,1010,2
2022,Sun on Lake,2022-07-16 00:00:00+06,https://images.pexels.com/photos/2613946/pexels-photo-2613946.jpeg?auto=compress&cs=tinysrgb&dpr=1&w=518,Shot on Oneplus,20,1010,3
2024,Sun on Lake,2022-07-16 00:00:00+06,https://images.pexels.com/photos/2613946/pexels-photo-2613946.jpeg?auto=compress&cs=tinysrgb&dpr=1&w=520,Shot on Oneplus,22,1005,1
2026,Sun on Lake,2022-07-16 00:00:00+06,https://images.pexels.com/photos/2613946/pexels-photo-2613946.jpeg?auto=compress&cs=tinysrgb&dpr=1&w=522,Shot on Oneplus,14,1010,2
2028,Sun on Lake,2022-07-16 00:00:00+06,https://images.pexels.com/photos/2613946/pexels-photo-2613946.jpeg?auto=compress&cs=tinysrgb&dpr=1&w=524,Shot on Oneplus,6,1008,1
2001,City Life,2022-07-13 00:00:00+06,https://wallpaperaccess.com/download/aesthetic-pixel-desktop-2435560,Shot on Oneplus,1,1000,1
2035,In My dream,2022-07-15 00:00:00+06,https://cdnb.artstation.com/p/assets/images/images/049/717/631/large/steve-palmerton-image-14.jpg?1653150124,Shot on Oneplus,101,1003,3
2020,ButterFly,2022-07-24 00:00:00+06,https://images.pexels.com/photos/2613946/pexels-photo-2613946.jpeg?auto=compress&cs=tinysrgb&dpr=1&w=516,Shot on Oneplus,25,1004,1
2006,Lake view,2022-07-16 00:00:00+06,https://images.pexels.com/photos/2613946/pexels-photo-2613946.jpeg?auto=compress&cs=tinysrgb&dpr=1&w=502,Shot on Oneplus,5,1002,3
2007,City,2022-07-15 00:00:00+06,https://wallpaperaccess.com/download/aesthetic-pixel-desktop-2435550,Shot on Oneplus,20,1010,2
2005,Food,2022-07-15 00:00:00+06,https://eatdrinkflash.co.uk/wp-content/uploads/2021/06/DSC00807-scaled.jpg,Shot on Oneplus,12,1010,3
2008,Animation,2022-07-16 00:00:00+06,https://wallpaperaccess.com/download/aesthetic-pixel-desktop-2122578,Shot on Oneplus,15,1007,2
2011,Hungry naki,2022-07-15 00:00:00+06,https://i.pinimg.com/736x/52/bd/70/52bd70cfc5509ee16b2bb3dd11695c0a.jpg,Shot on Oneplus,4,1010,2
2014,Gigi,2022-07-16 00:00:00+06,https://idsb.tmgrup.com.tr/ly/uploads/images/2022/03/09/189193.jpg,Shot on Oneplus,20,1003,3
2015,Heaven,2022-07-15 00:00:00+06,https://i.pinimg.com/736x/89/d8/a9/89d8a9f893484b839fd01013603f6baa.jpg,Shot on Oneplus,24,1003,2
2017,Snow Fall,2022-07-15 00:00:00+06,https://64.media.tumblr.com/bd7fc4e0eea3346d689c05311063d746/tumblr_pduc9bsdhy1rjo89t_1280.jpg,Shot on Oneplus,10,1003,3
2027,Egypt,2022-07-15 00:00:00+06,https://mir-s3-cdn-cf.behance.net/projects/404/e25075146936455.Y3JvcCwxMDA3LDc4OCwyMTQsMA.png,Shot on Oneplus,101,1003,3
2023,Umbrella,2022-07-15 00:00:00+06,https://shotkit.com/wp-content/uploads/2020/11/use-a-flash.jpg,Shot on Oneplus,3,1006,1
2029,MidJourney,2022-07-15 00:00:00+06,https://i.ytimg.com/vi/2tVuclAbdRQ/maxresdefault.jpg,Shot on Oneplus,19,1005,2
2030,Imagine with Midjourney,2022-07-16 00:00:00+06,https://mir-s3-cdn-cf.behance.net/project_modules/1400/97b704146989475.62ba9808ec5a3.png,Shot on Oneplus,4,1009,2
2037,Mid Journey Fiction,2022-07-15 00:00:00+06,https://www.creativeshrimp.com/wp-content/uploads/2022/06/midjourney_aiart_gleb_alexandrov_04-1170x731.jpg,Shot on Oneplus,101,1007,1
2000,Lake,2022-07-21 00:00:00+06,https://mir-s3-cdn-cf.behance.net/project_modules/1400/cc9719146936455.62bdaec79e6e2.png,Shot on Oneplus,1,1000,1
2038,Lake,2022-07-15 00:00:00+06,https://mir-s3-cdn-cf.behance.net/project_modules/1400/cc9719146936455.62bdaec79e6e2.png,Shot on Oneplus,3,1005,5
2021,Taipei,2022-07-15 00:00:00+06,https://cdn.britannica.com/03/188403-050-A79D200C/Night-view-Taipei-Peace-Memorial-Park.jpg,Shot on Oneplus,6,1001,8
2025,Kabul,2022-07-15 00:00:00+06,https://upload.wikimedia.org/wikipedia/commons/e/ea/Mountains_of_Kabul.jpg,Shot on Oneplus,6,1000,9
2009,Sun on Lake,2022-07-15 00:00:00+06,https://images.squarespace-cdn.com/content/v1/5438e2c6e4b0b18459a8ca06/1420566267793-CIRF7YLPI92K8QJ494GK/image-asset.jpeg?format=1000w,Shot on Oneplus,25,1003,2
2010,Sun on Lake,2022-07-16 00:00:00+06,https://cdn.theculturetrip.com/wp-content/uploads/2018/07/11516384845_eb9be5327f_o-1024x683.jpg,Shot on Oneplus,23,1010,2
2012,Dusk Till Dawn,2022-07-27 00:00:00+06,https://upload.wikimedia.org/wikipedia/commons/6/69/Beauty_of_Nature_of_hakaluki_haor_in_kulaura.jpg,Shot on Oneplus,7,1009,2
2013,Kabul,2022-07-15 00:00:00+06,https://sfd.susana.org/images/cities/800px-Kabul_Skyline.jpg,Shot on Oneplus,6,1007,9
2049,Sun on Lake,2022-07-15 00:00:00+06,https://images.pexels.com/photos/2613946/pexels-photo-2613946.jpeg?auto=compress&cs=tinysrgb&dpr=1&w=545,Shot on Oneplus,13,1007,2
2031,Lake Side,2022-07-25 00:00:00+06,https://images.pexels.com/photos/2613946/pexels-photo-2613946.jpeg?auto=compress&cs=tinysrgb&dpr=1&w=527,Shot on Oneplus,21,1005,1
2032,Sunny,2022-07-10 00:00:00+06,https://images.pexels.com/photos/2613946/pexels-photo-2613946.jpeg?auto=compress&cs=tinysrgb&dpr=1&w=528,Shot on Oneplus,3,1003,2
10005,Dark,2022-08-11 13:15:49.313493+06,https://static8.depositphotos.com/1550726/1010/i/450/depositphotos_10104616-stock-photo-man-walking-on-a-path.jpg,Shot on Oneplus,101,2000,2
10006,Shadowness,2022-08-11 13:16:57.394938+06,https://i0.wp.com/www.horroritalia24.it/wp-content/uploads/2018/12/aaaaa-3.jpg?resize=1140%2C640&ssl=1,Shot on Oneplus,101,2000,2
10007,Hola,2022-08-12 15:27:31.897914+06,https://i0.wp.com/www.horroritalia24.it/wp-content/uploads/2018/12/aaaaa-3.jpg?resize=1140%2C640&ssl=1,Shot on Oneplus,101,2000,2
10008,Destruction,2022-08-12 15:28:40.950535+06,https://i0.wp.com/www.horroritalia24.it/wp-content/uploads/2018/12/aaaaa-3.jpg?resize=1140%2C640&ssl=1,Shot on Oneplus,101,2000,2
10009,Hola,2022-08-12 15:43:43.97112+06,https://firebasestorage.googleapis.com/v0/b/locations-6642d.appspot.com/o/images%2F282_4ur2-uh.jpg?alt=media&token=6ca1df3d-5b4c-48fb-ac68-874dc5ab45fc,Shot on Oneplus,7,2000,2
10010,Destruction,2022-08-12 15:56:27.772746+06,https://i0.wp.com/www.horroritalia24.it/wp-content/uploads/2018/12/aaaaa-3.jpg?resize=1140%2C640&ssl=1,Shot on Oneplus,101,2000,2
10013,Destruction,2022-08-12 15:56:54.707493+06,https://i0.wp.com/www.horroritalia24.it/wp-content/uploads/2018/12/aaaaa-3.jpg?resize=1140%2C640&ssl=1,Shot on Oneplus,101,2000,2
10014,Destruction,2022-08-12 16:00:02.274214+06,https://i0.wp.com/www.horroritalia24.it/wp-content/uploads/2018/12/aaaaa-3.jpg?resize=1140%2C640&ssl=1,Shot on Oneplus,101,2000,2
10015,Construction,2022-08-12 16:02:40.204381+06,https://i0.wp.com/www.horroritalia24.it/wp-content/uploads/2018/12/aaaaa-3.jpg?resize=1140%2C640&ssl=1,Shot on Oneplus,101,2000,2
10017,Dummy,2022-08-12 16:13:07.209177+06,https://i0.wp.com/www.horroritalia24.it/wp-content/uploads/2018/12/aaaaa-3.jpg?resize=1140%2C640&ssl=1,Shot on Oneplus,101,2000,2
10019,Shine,2022-08-12 16:22:27.311864+06,https://i0.wp.com/www.horroritalia24.it/wp-content/uploads/2018/12/aaaaa-3.jpg?resize=1140%2C640&ssl=1,Shot on Oneplus,101,2000,2
10021,Get Dressed,2022-08-12 16:30:21.248232+06,https://firebasestorage.googleapis.com/v0/b/locations-6642d.appspot.com/o/images%2F282_4ur2-uh.jpg?alt=media&token=6ca1df3d-5b4c-48fb-ac68-874dc5ab45fc,Shot on Oneplus,10,2000,3
10022,Hey,2022-08-12 16:32:38.763811+06,https://firebasestorage.googleapis.com/v0/b/locations-6642d.appspot.com/o/images%2F282_4ur2-uh.jpg?alt=media&token=6ca1df3d-5b4c-48fb-ac68-874dc5ab45fc,Keep warm,7,2000,3
10023,Ok lol,2022-08-12 16:35:44.048963+06,https://firebasestorage.googleapis.com/v0/b/locations-6642d.appspot.com/o/images%2F282_4ur2-uh.jpg?alt=media&token=6ca1df3d-5b4c-48fb-ac68-874dc5ab45fc,Get warm,19,2000,3
10024,color,2022-08-12 22:57:15.378814+06,https://firebasestorage.googleapis.com/v0/b/locations-6642d.appspot.com/o/images%2F47078962_1839441696183940_7816720125146431488_o.jpg?alt=media&token=c4bc8346-19e4-4792-a9c8-532369458e03,Color Fest of Rashid Hall,21,2000,1
2050,Vacation,2022-07-16 00:00:00+06,https://data.whicdn.com/images/309004086/original.jpg,12/08/2022,7,1005,1
10016,Color,2022-08-12 16:03:29.993895+06,https://cdn.wallpapersafari.com/95/83/Y7cDI0.jpg,Taken in deep breath!,101,2000,2
2045,Rain,2022-07-15 00:00:00+06,https://backlightblog.com/images/2021/11/rain-photography-FB.jpg,12/08/2022,17,1008,3
2047,Rainy Day,2022-07-14 00:00:00+06,https://c4.wallpaperflare.com/wallpaper/86/398/334/photography-rain-wallpaper-preview.jpg,12/08/2022,3,1001,2
2041,Shadow,2022-07-15 00:00:00+06,https://mir-s3-cdn-cf.behance.net/project_modules/1400/e7fd1d146989475.62ba9805e46ee.png,12/08/2022,8,1006,2
10020,Winter is coming,2022-08-12 16:28:10.880396+06,https://images.unsplash.com/photo-1546372934-52ab68952775?ixlib=rb-1.2.1&ixid=MnwxMjA3fDB8MHxzZWFyY2h8MXx8d2ludGVyJTIwaXMlMjBjb21pbmd8ZW58MHx8MHx8&w=1000&q=80,Ok lol,21,2000,1
2042,Mid Journey ,2022-07-16 00:00:00+06,https://images.pexels.com/photos/2613946/pexels-photo-2613946.jpeg?auto=compress&cs=tinysrgb&dpr=1&w=538,12/08/2022,101,1008,2
2046,Dark ,2022-07-16 00:00:00+06,https://images.pexels.com/photos/2613946/pexels-photo-2613946.jpeg?auto=compress&cs=tinysrgb&dpr=1&w=542,12/08/2022,9,1008,3
10011,Destruction,2022-08-12 15:56:45.274581+06,https://sfd.susana.org/images/cities/800px-Kabul_Skyline.jpg,Taken in deep breath!,101,2000,2
10018,Shine,2022-08-12 16:21:17.990052+06,https://cdnb.artstation.com/p/assets/images/images/049/717/631/large/steve-palmerton-image-14.jpg?1653150124,Taken in deep breath!,101,2000,2
2052,Saint Martin,2022-07-15 12:00:00+06,https://sgp1.digitaloceanspaces.com/cosmosgroup/news/1878484_Saint%20Martins%20Island%20Bangladesh.jpg,12/08/2022,3,1006,4
2043,South China Sea,2022-07-15 00:00:00+06,https://news.cgtn.com/news/2022-08-15/Live-South-China-Sea-welcomes-new-fishing-season-1cwq55OXS12/img/3a5731bca3de425b954622f1837000fc/3a5731bca3de425b954622f1837000fc.jpeg,12/08/2022,15,1009,7
10025,Hola,2022-08-14 00:12:31.33756+06,https://i0.wp.com/www.horroritalia24.it/wp-content/uploads/2018/12/aaaaa-3.jpg?resize=1140%2C640&ssl=1,Taken in deep breath!,101,2000,2
10027,Color,2022-08-14 00:55:20.584112+06,https://firebasestorage.googleapis.com/v0/b/locations-6642d.appspot.com/o/images%2FIMG20220803132326.jpg?alt=media&token=3c4529ad-9df0-4639-8188-9af025632021,Color Fest,21,2000,1
10030,Hola,2022-08-14 16:32:52.424288+06,https://wallpaperaccess.com/download/aesthetic-pixel-desktop-1548695,vacation,15,2000,2
10028,Hola,2022-08-14 15:39:51.42112+06,https://wallpaperaccess.com/download/aesthetic-pixel-desktop-1190406,On a vacation,15,2000,1
10026,Hola,2022-08-14 00:12:43.088109+06,https://www.wallpaperflare.com/static/670/821/303/landscape-sea-clouds-island-wallpaper.jpg,Good,5,2000,1
10029,Peace,2022-08-14 15:44:55.821325+06,https://firebasestorage.googleapis.com/v0/b/locations-6642d.appspot.com/o/images%2Fsea-shore-1-1400x850.jpg?alt=media&token=7e7c1928-be69-4466-b744-e1bd0646ea63,Vacation,15,2000,2
2002,Dreaming,2022-07-13 00:00:00+06,https://wallpaperaccess.com/download/aesthetic-pixel-desktop-2158427,12/08/2022,1,1001,1
2003,Imagination,2022-07-13 00:00:00+06,https://wallpaperaccess.com/download/aesthetic-pixel-desktop-435951,12/08/2022,1,1002,2
10031,Lake View,2022-08-17 01:13:01.814782+06,https://firebasestorage.googleapis.com/v0/b/locations-6642d.appspot.com/o/images%2F2122578.jpg?alt=media&token=904c57d7-192d-428a-80af-a3524dea881b,Draw with OpenGL,17,2000,5
