,post_title,post_date,photo_url,category_id,owner_id,place_id
2004,Sun on Lake,16/07/2022,https://images.pexels.com/photos/2613946/pexels-photo-2613946.jpeg?auto=compress&cs=tinysrgb&dpr=1&w=500,4,1007,1
2005,Sun on Lake,15/07/2022,https://images.pexels.com/photos/2613946/pexels-photo-2613946.jpeg?auto=compress&cs=tinysrgb&dpr=1&w=501,12,1010,3
2006,Sun on Lake,16/07/2022,https://images.pexels.com/photos/2613946/pexels-photo-2613946.jpeg?auto=compress&cs=tinysrgb&dpr=1&w=502,5,1002,3
2007,Sun on Lake,15/07/2022,https://images.pexels.com/photos/2613946/pexels-photo-2613946.jpeg?auto=compress&cs=tinysrgb&dpr=1&w=503,20,1010,2
2008,Sun on Lake,16/07/2022,https://images.pexels.com/photos/2613946/pexels-photo-2613946.jpeg?auto=compress&cs=tinysrgb&dpr=1&w=504,15,1007,2
2009,Sun on Lake,15/07/2022,https://images.pexels.com/photos/2613946/pexels-photo-2613946.jpeg?auto=compress&cs=tinysrgb&dpr=1&w=505,25,1003,2
2010,Sun on Lake,16/07/2022,https://images.pexels.com/photos/2613946/pexels-photo-2613946.jpeg?auto=compress&cs=tinysrgb&dpr=1&w=506,23,1010,2
2011,Sun on Lake,15/07/2022,https://images.pexels.com/photos/2613946/pexels-photo-2613946.jpeg?auto=compress&cs=tinysrgb&dpr=1&w=507,4,1010,2
2012,Sun on Lake,16/07/2022,https://images.pexels.com/photos/2613946/pexels-photo-2613946.jpeg?auto=compress&cs=tinysrgb&dpr=1&w=508,7,1009,2
2013,Sun on Lake,15/07/2022,https://images.pexels.com/photos/2613946/pexels-photo-2613946.jpeg?auto=compress&cs=tinysrgb&dpr=1&w=509,7,1007,2
2014,Sun on Lake,16/07/2022,https://images.pexels.com/photos/2613946/pexels-photo-2613946.jpeg?auto=compress&cs=tinysrgb&dpr=1&w=510,20,1003,3
2015,Sun on Lake,15/07/2022,https://images.pexels.com/photos/2613946/pexels-photo-2613946.jpeg?auto=compress&cs=tinysrgb&dpr=1&w=511,24,1003,2
2016,Sun on Lake,16/07/2022,https://images.pexels.com/photos/2613946/pexels-photo-2613946.jpeg?auto=compress&cs=tinysrgb&dpr=1&w=512,12,1008,2
2017,Sun on Lake,15/07/2022,https://images.pexels.com/photos/2613946/pexels-photo-2613946.jpeg?auto=compress&cs=tinysrgb&dpr=1&w=513,10,1003,3
2018,Sun on Lake,16/07/2022,https://images.pexels.com/photos/2613946/pexels-photo-2613946.jpeg?auto=compress&cs=tinysrgb&dpr=1&w=514,4,1008,2
2019,Sun on Lake,15/07/2022,https://images.pexels.com/photos/2613946/pexels-photo-2613946.jpeg?auto=compress&cs=tinysrgb&dpr=1&w=515,14,1010,2
2020,Sun on Lake,16/07/2022,https://images.pexels.com/photos/2613946/pexels-photo-2613946.jpeg?auto=compress&cs=tinysrgb&dpr=1&w=516,25,1004,1
2021,Sun on Lake,15/07/2022,https://images.pexels.com/photos/2613946/pexels-photo-2613946.jpeg?auto=compress&cs=tinysrgb&dpr=1&w=517,11,1001,2
2022,Sun on Lake,16/07/2022,https://images.pexels.com/photos/2613946/pexels-photo-2613946.jpeg?auto=compress&cs=tinysrgb&dpr=1&w=518,20,1010,3
2023,Sun on Lake,15/07/2022,https://images.pexels.com/photos/2613946/pexels-photo-2613946.jpeg?auto=compress&cs=tinysrgb&dpr=1&w=519,4,1006,1
2024,Sun on Lake,16/07/2022,https://images.pexels.com/photos/2613946/pexels-photo-2613946.jpeg?auto=compress&cs=tinysrgb&dpr=1&w=520,22,1005,1
2025,Sun on Lake,15/07/2022,https://images.pexels.com/photos/2613946/pexels-photo-2613946.jpeg?auto=compress&cs=tinysrgb&dpr=1&w=521,10,1000,3
2026,Sun on Lake,16/07/2022,https://images.pexels.com/photos/2613946/pexels-photo-2613946.jpeg?auto=compress&cs=tinysrgb&dpr=1&w=522,14,1010,2
2027,Sun on Lake,15/07/2022,https://images.pexels.com/photos/2613946/pexels-photo-2613946.jpeg?auto=compress&cs=tinysrgb&dpr=1&w=523,23,1003,3
2028,Sun on Lake,16/07/2022,https://images.pexels.com/photos/2613946/pexels-photo-2613946.jpeg?auto=compress&cs=tinysrgb&dpr=1&w=524,6,1008,1
2029,Sun on Lake,15/07/2022,https://images.pexels.com/photos/2613946/pexels-photo-2613946.jpeg?auto=compress&cs=tinysrgb&dpr=1&w=525,7,1005,2
2030,Sun on Lake,16/07/2022,https://images.pexels.com/photos/2613946/pexels-photo-2613946.jpeg?auto=compress&cs=tinysrgb&dpr=1&w=526,4,1009,2
2031,Sun on Lake,15/07/2022,https://images.pexels.com/photos/2613946/pexels-photo-2613946.jpeg?auto=compress&cs=tinysrgb&dpr=1&w=527,21,1005,1
2032,Sun on Lake,16/07/2022,https://images.pexels.com/photos/2613946/pexels-photo-2613946.jpeg?auto=compress&cs=tinysrgb&dpr=1&w=528,3,1003,2
2033,Sun on Lake,15/07/2022,https://images.pexels.com/photos/2613946/pexels-photo-2613946.jpeg?auto=compress&cs=tinysrgb&dpr=1&w=529,9,1005,2
2034,Sun on Lake,16/07/2022,https://images.pexels.com/photos/2613946/pexels-photo-2613946.jpeg?auto=compress&cs=tinysrgb&dpr=1&w=530,4,1010,2
2035,Sun on Lake,15/07/2022,https://images.pexels.com/photos/2613946/pexels-photo-2613946.jpeg?auto=compress&cs=tinysrgb&dpr=1&w=531,11,1003,3
2036,Sun on Lake,16/07/2022,https://images.pexels.com/photos/2613946/pexels-photo-2613946.jpeg?auto=compress&cs=tinysrgb&dpr=1&w=532,4,1006,1
2037,Sun on Lake,15/07/2022,https://images.pexels.com/photos/2613946/pexels-photo-2613946.jpeg?auto=compress&cs=tinysrgb&dpr=1&w=533,11,1007,1
2038,Sun on Lake,16/07/2022,https://images.pexels.com/photos/2613946/pexels-photo-2613946.jpeg?auto=compress&cs=tinysrgb&dpr=1&w=534,3,1005,1
2039,Sun on Lake,15/07/2022,https://images.pexels.com/photos/2613946/pexels-photo-2613946.jpeg?auto=compress&cs=tinysrgb&dpr=1&w=535,20,1001,1
2040,Sun on Lake,16/07/2022,https://images.pexels.com/photos/2613946/pexels-photo-2613946.jpeg?auto=compress&cs=tinysrgb&dpr=1&w=536,17,1000,3
2041,Sun on Lake,15/07/2022,https://images.pexels.com/photos/2613946/pexels-photo-2613946.jpeg?auto=compress&cs=tinysrgb&dpr=1&w=537,8,1006,2
2042,Sun on Lake,16/07/2022,https://images.pexels.com/photos/2613946/pexels-photo-2613946.jpeg?auto=compress&cs=tinysrgb&dpr=1&w=538,5,1008,2
2043,Sun on Lake,15/07/2022,https://images.pexels.com/photos/2613946/pexels-photo-2613946.jpeg?auto=compress&cs=tinysrgb&dpr=1&w=539,22,1009,2
2044,Sun on Lake,16/07/2022,https://images.pexels.com/photos/2613946/pexels-photo-2613946.jpeg?auto=compress&cs=tinysrgb&dpr=1&w=540,14,1000,2
2045,Sun on Lake,15/07/2022,https://images.pexels.com/photos/2613946/pexels-photo-2613946.jpeg?auto=compress&cs=tinysrgb&dpr=1&w=541,17,1008,3
2046,Sun on Lake,16/07/2022,https://images.pexels.com/photos/2613946/pexels-photo-2613946.jpeg?auto=compress&cs=tinysrgb&dpr=1&w=542,9,1008,3
2047,Sun on Lake,15/07/2022,https://images.pexels.com/photos/2613946/pexels-photo-2613946.jpeg?auto=compress&cs=tinysrgb&dpr=1&w=543,24,1001,2
2048,Sun on Lake,16/07/2022,https://images.pexels.com/photos/2613946/pexels-photo-2613946.jpeg?auto=compress&cs=tinysrgb&dpr=1&w=544,13,1005,1
2049,Sun on Lake,15/07/2022,https://images.pexels.com/photos/2613946/pexels-photo-2613946.jpeg?auto=compress&cs=tinysrgb&dpr=1&w=545,13,1007,2
2050,Sun on Lake,16/07/2022,https://images.pexels.com/photos/2613946/pexels-photo-2613946.jpeg?auto=compress&cs=tinysrgb&dpr=1&w=546,7,1005,1
2051,Sun on Lake,15/07/2022,https://images.pexels.com/photos/2613946/pexels-photo-2613946.jpeg?auto=compress&cs=tinysrgb&dpr=1&w=547,8,1003,2
2052,Sun on Lake,16/07/2022,https://images.pexels.com/photos/2613946/pexels-photo-2613946.jpeg?auto=compress&cs=tinysrgb&dpr=1&w=548,3,1006,3
2053,Sun on Lake,15/07/2022,https://images.pexels.com/photos/2613946/pexels-photo-2613946.jpeg?auto=compress&cs=tinysrgb&dpr=1&w=549,22,1000,2
